{"validauc": 0.763694758772374, "validacc": 0.6971671121737611, "best_epoch": 17, "model_save_path": "saved_model\\nips_task34_dkt_qid_saved_model_42_0_0.2_200_0.001_1_1_980880ca-3ca9-4e74-8255-ebfd4e44da9e\\qid_model.ckpt", "_timestamp": 1735646610.1475043, "_runtime": 73.68709135055542, "_step": 0, "_wandb": {"runtime": 72}}