{"concepts": [28247, 0.6828787963391344, 0.6382270683612419], "late_mean": [27736, 0.6834291676255642, 0.6387006057109893], "late_vote": [27736, 0.6829846664179058, 0.6376550331698875], "late_all": [27736, 0.6836905459321425, 0.6391332564176522], "dataset_name": "nips_task34", "model_name": "dkt", "emb_type": "qid", "save_dir": "saved_model", "seed": 42, "fold": 0, "dropout": 0.2, "emb_size": 200, "learning_rate": 0.001, "use_wandb": 1, "add_uuid": 1, "_timestamp": 1739177066.9709845, "_runtime": 92.39991641044617, "_step": 0, "_wandb": {"runtime": 90}}