{"validauc": 0.7671467261637837, "validacc": 0.6992206978102605, "best_epoch": 23, "model_save_path": "saved_model\\nips_task34_dkt_qid_saved_model_42_0_0.2_200_0.001_1_1_257c20e3-616c-44a7-967b-8b1543c8485f\\qid_model.ckpt", "_timestamp": 1734109150.4742324, "_runtime": 105.642662525177, "_step": 0, "_wandb": {"runtime": 104}}