{"validauc": 0.919969067330265, "validacc": 0.8636037678517168, "best_epoch": 45, "model_save_path": "saved_model\\algebra2005_dkt_forget_qid_saved_model_42_0_0.2_200_0.001_1_1_c0cc6389-758d-49a7-bb74-af498d79efe4\\qid_model.ckpt", "_timestamp": 1739267345.7897413, "_runtime": 119.2486002445221, "_step": 0, "_wandb": {"runtime": 116}}