{"validauc": 0.9184320674917457, "validacc": 0.8640960194469766, "best_epoch": 25, "model_save_path": "saved_model\\algebra2005_dkt+_qid_saved_model_42_0_0.2_200_0.001_0.01_0.003_3.0_1_1_943ce074-46e0-406b-a7fe-1072aede29a7\\qid_model.ckpt", "_timestamp": 1739267181.7855735, "_runtime": 58.0853705406189, "_step": 0, "_wandb": {"runtime": 56}}