{"validauc": 0.7670795270307538, "validacc": 0.7005878902664535, "best_epoch": 17, "model_save_path": "saved_model\\nips_task34_dkt_forget_qid_saved_model_42_0_0.2_200_0.001_1_1_81662b90-729d-4ed0-b4b3-6b584fa95c19\\qid_model.ckpt", "_timestamp": 1739177423.2270694, "_runtime": 159.4977834224701, "_step": 0, "_wandb": {"runtime": 157}}