{"validauc": 0.7671467261637837, "validacc": 0.6992206978102605, "best_epoch": 23, "model_save_path": "saved_model\\nips_task34_dkt_qid_saved_model_42_0_0.2_200_0.001_1_1_7ca23792-b281-4bd4-afa0-76e4fdf151f3\\qid_model.ckpt", "_timestamp": 1734093344.78508, "_runtime": 117.39942002296448, "_step": 0, "_wandb": {"runtime": 115}}