{"validauc": 0.9069099159149456, "validacc": 0.8392835980090069, "best_epoch": 32, "model_save_path": "saved_model/assist2009_akt_qid_saved_model_3407_0_0.2_256_512_8_4_0.0001_1_1_397ffb42-f114-4055-8f41-963b1b2bf5a7/qid_model.ckpt", "_timestamp": 1725416382.3182087, "_runtime": 2320.0307006835938, "_step": 0, "_wandb": {"runtime": 2317}}